Names,Ebay Url,Time,Amazon,Amazon Url
desmondh-13,https://www.ebay.com/itm/401820385259,28:44.9,,
tech_pointusa,https://www.ebay.com/itm/143074387428,29:28.2,,
tech_pointusa,https://www.ebay.com/itm/143253240707,29:28.3,,
tech_pointusa,https://www.ebay.com/itm/142162532662,29:28.4,,
tech_pointusa,https://www.ebay.com/itm/142235220812,29:28.5,,
tech_pointusa,https://www.ebay.com/itm/142761449292,29:28.6,,
tech_pointusa,https://www.ebay.com/itm/143083215921,29:28.7,,
tech_pointusa,https://www.ebay.com/itm/143083265927,29:28.8,,
tech_pointusa,https://www.ebay.com/itm/142999067338,29:28.9,,
tech_pointusa,https://www.ebay.com/itm/142442653617,29:29.0,,
tech_pointusa,https://www.ebay.com/itm/143074420323,29:29.1,,
tech_pointusa,https://www.ebay.com/itm/143244069574,29:29.2,,
maro_798,https://www.ebay.com/itm/401806732428,29:50.2,,
maro_798,https://www.ebay.com/itm/401808551751,29:50.3,,
maro_798,https://www.ebay.com/itm/401806734066,29:50.4,,
maro_798,https://www.ebay.com/itm/401808552430,29:50.5,,
maro_798,https://www.ebay.com/itm/401800873541,29:50.6,,
maro_798,https://www.ebay.com/itm/401800875439,29:50.7,,
maro_798,https://www.ebay.com/itm/401800890872,29:50.8,,
maro_798,https://www.ebay.com/itm/401806732963,29:50.9,,
maro_798,https://www.ebay.com/itm/401806733371,29:51.0,,
maro_798,https://www.ebay.com/itm/401806733862,29:51.1,,
maro_798,https://www.ebay.com/itm/401808551688,29:51.2,,
maro_798,https://www.ebay.com/itm/401809618655,29:51.4,,
maro_798,https://www.ebay.com/itm/401809618879,29:51.5,,
ebuy-deals,https://www.ebay.com/itm/264191649433,30:08.8,,
chichomestore,https://www.ebay.com/itm/382739859197,30:15.9,,
chichomestore,https://www.ebay.com/itm/383032822833,30:16.0,,
chichomestore,https://www.ebay.com/itm/383033363442,30:16.1,,
chichomestore,https://www.ebay.com/itm/382976228926,30:16.2,,
chichomestore,https://www.ebay.com/itm/382998119902,30:16.3,,
chichomestore,https://www.ebay.com/itm/382998119927,30:16.4,,
chichomestore,https://www.ebay.com/itm/383032822512,30:16.5,,
chichomestore,https://www.ebay.com/itm/383036973843,30:16.6,,
chichomestore,https://www.ebay.com/itm/383038336832,30:16.7,,
offertogo,https://www.ebay.com/itm/173894753111,30:25.2,,
offertogo,https://www.ebay.com/itm/173941929941,30:25.3,,
offertogo,https://www.ebay.com/itm/173952227457,30:25.4,,
offertogo,https://www.ebay.com/itm/173882204889,30:25.5,,
offertogo,https://www.ebay.com/itm/173905329158,30:25.6,,
offertogo,https://www.ebay.com/itm/173918451133,30:25.7,,
offertogo,https://www.ebay.com/itm/173928556061,30:25.8,,
offertogo,https://www.ebay.com/itm/173929739305,30:25.9,,
offertogo,https://www.ebay.com/itm/173951071405,30:26.0,,
offertogo,https://www.ebay.com/itm/173951078164,30:26.2,,
offertogo,https://www.ebay.com/itm/173952248850,30:26.3,,
offertogo,https://www.ebay.com/itm/173956684547,30:26.4,,
offertogo,https://www.ebay.com/itm/173961835972,30:26.6,,
depotshack,https://www.ebay.com/itm/303080725378,30:34.5,,
depotshack,https://www.ebay.com/itm/303135235644,30:34.6,,
depotshack,https://www.ebay.com/itm/303186662247,30:34.7,,
depotshack,https://www.ebay.com/itm/303188885449,30:34.8,,
depotshack,https://www.ebay.com/itm/303103621745,30:34.9,,
playcho,https://www.ebay.com/itm/333180310875,30:48.5,,
truenorthdistributors,https://www.ebay.com/itm/223553413412,30:55.4,,
truenorthdistributors,https://www.ebay.com/itm/223553063865,30:55.5,,
truenorthdistributors,https://www.ebay.com/itm/223553163767,30:55.6,,
truenorthdistributors,https://www.ebay.com/itm/223551326816,30:55.7,,
truenorthdistributors,https://www.ebay.com/itm/223553116448,30:55.8,,
truenorthdistributors,https://www.ebay.com/itm/223553424900,30:55.9,,
cutsi_3,https://www.ebay.com/itm/192947585136,31:03.3,,
geekyvibes,https://www.ebay.com/itm/113681071654,31:10.1,,
geekyvibes,https://www.ebay.com/itm/113730142836,31:10.2,,
geekyvibes,https://www.ebay.com/itm/113740254641,31:10.3,,
geekyvibes,https://www.ebay.com/itm/113681084355,31:10.4,,
geekyvibes,https://www.ebay.com/itm/113761385157,31:10.5,,
geekyvibes,https://www.ebay.com/itm/113763500406,31:10.6,,
geekyvibes,https://www.ebay.com/itm/113808228605,31:10.7,,
geekyvibes,https://www.ebay.com/itm/113615437950,31:10.8,,
geekyvibes,https://www.ebay.com/itm/113647526388,31:10.9,,
geekyvibes,https://www.ebay.com/itm/113713022307,31:11.0,,
geekyvibes,https://www.ebay.com/itm/113740254679,31:11.2,,
geekyvibes,https://www.ebay.com/itm/113756099454,31:11.3,,
geekyvibes,https://www.ebay.com/itm/113766258687,31:11.4,,
geekyvibes,https://www.ebay.com/itm/113769052296,31:11.5,,
geekyvibes,https://www.ebay.com/itm/113605640119,31:11.6,,
geekyvibes,https://www.ebay.com/itm/113635816947,31:11.8,,
geekyvibes,https://www.ebay.com/itm/113711166303,31:11.9,,
geekyvibes,https://www.ebay.com/itm/113712373367,31:12.1,,
geekyvibes,https://www.ebay.com/itm/113730986353,31:12.2,,
geekyvibes,https://www.ebay.com/itm/113742240820,31:12.3,,
geekyvibes,https://www.ebay.com/itm/113742260955,31:12.4,,
geekyvibes,https://www.ebay.com/itm/113752685167,31:12.6,,
geekyvibes,https://www.ebay.com/itm/113754249314,31:12.7,,
geekyvibes,https://www.ebay.com/itm/113756375094,31:12.8,,
geekyvibes,https://www.ebay.com/itm/113762362961,31:12.9,,
geekyvibes,https://www.ebay.com/itm/113762457438,31:13.0,,
geekyvibes,https://www.ebay.com/itm/113766270806,31:13.1,,
geekyvibes,https://www.ebay.com/itm/113769023222,31:13.3,,
geekyvibes,https://www.ebay.com/itm/113787492013,31:13.4,,
metropolitansales,https://www.ebay.com/itm/352669060991,31:20.4,,
americanashop,https://www.ebay.com/itm/303192156410,31:27.9,,
americanashop,https://www.ebay.com/itm/303200779688,31:28.0,,
americanashop,https://www.ebay.com/itm/303218655007,31:28.0,,
americanashop,https://www.ebay.com/itm/303224763023,31:28.1,,
cayennestore,https://www.ebay.com/itm/323849680341,31:35.3,,
cayennestore,https://www.ebay.com/itm/323678262357,31:35.4,,
cayennestore,https://www.ebay.com/itm/323754520644,31:35.4,,
cayennestore,https://www.ebay.com/itm/323804227741,31:35.5,,
cayennestore,https://www.ebay.com/itm/323689698024,31:35.6,,
cayennestore,https://www.ebay.com/itm/323737300184,31:35.7,,
cayennestore,https://www.ebay.com/itm/323816680703,31:35.8,,
cayennestore,https://www.ebay.com/itm/323849668392,31:35.9,,
*omer*store*,https://www.ebay.com/itm/303160738399,31:43.2,,
riverflowless,https://www.ebay.com/itm/153483138601,31:50.5,,
riverflowless,https://www.ebay.com/itm/153326584827,31:50.6,,
riverflowless,https://www.ebay.com/itm/153278176278,31:50.6,,
riverflowless,https://www.ebay.com/itm/153503339490,31:50.8,,
riverflowless,https://www.ebay.com/itm/153572344686,31:50.8,,
hemetus,https://www.ebay.com/itm/163460902051,32:39.8,,
hemetus,https://www.ebay.com/itm/163411230370,32:39.9,,
hemetus,https://www.ebay.com/itm/163486104496,32:40.1,,
hemetus,https://www.ebay.com/itm/163612314821,32:40.2,,
hemetus,https://www.ebay.com/itm/163709109803,32:40.3,,
hemetus,https://www.ebay.com/itm/163751988816,32:40.4,,
hemetus,https://www.ebay.com/itm/163770997625,32:40.5,,
bigdealsandmore,https://www.ebay.com/itm/293051312149,2019-07-22 18:41:23.292,,
bigdealsandmore,https://www.ebay.com/itm/293051319633,2019-07-22 18:41:23.378,,
bigdealsandmore,https://www.ebay.com/itm/293056978302,2019-07-22 18:41:23.455,,
bigdealsandmore,https://www.ebay.com/itm/293098840094,2019-07-22 18:41:23.542,,
bigdealsandmore,https://www.ebay.com/itm/293142628229,2019-07-22 18:41:23.628,,
